order_month,net_sales,orders,customers,average_order_value
2010-12-01,561195.60,1391,884,403.45
2011-01-01,462429.78,976,738,473.80
2011-02-01,442782.04,992,756,446.35
2011-03-01,583270.69,1308,969,445.93
2011-04-01,454521.40,1135,851,400.46
2011-05-01,664878.01,1531,1051,434.28
2011-06-01,649749.18,1378,987,471.52
2011-07-01,587195.45,1320,946,444.85
2011-08-01,631349.01,1275,935,495.18
2011-09-01,937629.24,1741,1259,538.56
2011-10-01,997595.08,1903,1359,524.22
2011-11-01,1144117.11,2643,1659,432.89
2011-12-01,348820.57,773,611,451.26
