order_month,net_sales,month_on_month_change,month_on_month_growth_pct
2010-12-01,561195.60,,
2011-01-01,462429.78,-98765.82,-17.60
2011-02-01,442782.04,-19647.74,-4.25
2011-03-01,583270.69,140488.65,31.73
2011-04-01,454521.40,-128749.29,-22.07
2011-05-01,664878.01,210356.61,46.28
2011-06-01,649749.18,-15128.83,-2.28
2011-07-01,587195.45,-62553.73,-9.63
2011-08-01,631349.01,44153.56,7.52
2011-09-01,937629.24,306280.23,48.51
2011-10-01,997595.08,59965.84,6.40
2011-11-01,1144117.11,146522.03,14.69
2011-12-01,348820.57,-795296.54,-69.51
