country,net_sales,orders,customers
United Kingdom,6906591.81,16511,3912
Netherlands,284143.74,94,9
EIRE,250576.05,256,3
Germany,225087.17,453,94
France,205352.44,386,87
Australia,137466.55,53,9
Spain,57846.52,89,29
Switzerland,55657.10,50,21
Belgium,41082.69,98,25
Sweden,37462.33,35,8
Japan,37314.37,19,8
Norway,36010.31,35,10
Portugal,29437.62,52,19
Finland,22266.08,41,12
Channel Islands,20157.44,25,9
Denmark,18825.24,18,9
Italy,17199.89,38,14
Singapore,15188.45,5,1
Cyprus,13167.78,14,7
Austria,10198.68,17,11
Poland,7269.85,19,6
Israel,7221.69,5,3
Greece,4760.52,5,4
Iceland,4310.00,7,1
Canada,3666.38,6,4
Malta,2685.79,5,2
Unspecified,2667.07,8,4
United Arab Emirates,1902.28,3,2
USA,1730.92,3,2
Lebanon,1693.88,1,1
Lithuania,1661.06,4,1
European Community,1300.25,4,1
Brazil,1143.60,1,1
RSA,1002.31,1,1
Czech Republic,790.98,2,1
Bahrain,548.40,2,2
Saudi Arabia,145.92,1,1
