product_name,units_sold,net_sales,orders
WORLD WAR 2 GLIDERS ASSTD DESIGNS,54271,13544.49,469
JUMBO BAG RED RETROSPOT,44200,81708.20,1580
ASSORTED COLOUR BIRD ORNAMENT,35301,56477.25,1370
WHITE HANGING HEART T-LIGHT HOLDER,34136,93782.60,1949
PACK OF 72 RETROSPOT CAKE CASES,33597,16341.73,1025
POPCORN HOLDER,30731,23283.71,631
RABBIT NIGHT LIGHT,27136,51208.92,795
MINI PAINT SET VINTAGE,25932,15945.64,321
PACK OF 12 LONDON TISSUES,25333,7262.03,381
PACK OF 60 PINK PAISLEY CAKE CASES,24072,11524.10,661
