customer_id,total_spend,total_orders,average_order_value,last_order_date,spend_rank
14646,278953.22,73,3821.28,2011-12-08,1
18102,259657.30,60,4327.62,2011-12-09,2
17450,189767.53,45,4217.06,2011-12-01,3
14911,131839.01,197,669.23,2011-12-08,4
12415,124156.88,20,6207.84,2011-11-15,5
14156,114395.83,55,2079.92,2011-11-30,6
17511,81754.38,30,2725.15,2011-12-07,7
16684,65920.12,28,2354.29,2011-12-05,8
14096,65164.79,17,3833.22,2011-12-05,9
13694,63266.98,50,1265.34,2011-12-06,10
16029,60653.40,57,1064.09,2011-11-01,11
15311,59472.83,90,660.81,2011-12-09,12
13089,58372.43,96,608.05,2011-12-07,13
15061,54391.94,48,1133.17,2011-12-06,14
17949,52888.44,40,1322.21,2011-12-08,15
15769,51823.72,25,2072.95,2011-12-02,16
14298,51527.30,44,1171.08,2011-12-01,17
14088,50415.49,13,3878.11,2011-11-29,18
12931,40209.52,15,2680.63,2011-11-18,19
15098,39619.50,2,19809.75,2011-06-10,20
