customer_id,total_spend,purchase_occasions,median_gap_days,days_since_last_order,cadence_ratio,last_order_date
16029,81024.84,39,7.5,38,5.07,2011-11-01
16180,10254.18,7,24.5,100,4.08,2011-08-31
14952,8099.49,8,20.0,59,2.95,2011-10-11
13093,7832.47,7,17.5,275,15.71,2011-03-09
12980,7374.90,9,21.0,157,7.48,2011-07-05
16729,7239.92,19,10.0,38,3.80,2011-11-01
16745,7194.30,17,12.5,86,6.88,2011-09-14
13027,6912.00,6,42.0,113,2.69,2011-08-18
12431,6487.45,14,17.0,35,2.06,2011-11-04
17509,6115.14,3,3.0,57,19.00,2011-10-13
15939,6115.01,14,17.0,89,5.24,2011-09-11
16553,5719.82,6,42.0,163,3.88,2011-06-29
17719,5396.04,15,13.0,37,2.85,2011-11-02
17061,5232.23,9,19.5,73,3.74,2011-09-27
15874,4405.88,6,28.0,63,2.25,2011-10-07
14016,4341.21,4,62.0,161,2.60,2011-07-01
18073,3877.52,10,11.0,114,10.36,2011-08-17
15808,3734.97,4,22.0,306,13.91,2011-02-06
12502,3723.87,5,46.0,95,2.07,2011-09-05
14364,3717.35,7,15.0,108,7.20,2011-08-23
15379,3703.29,7,21.5,169,7.86,2011-06-23
15581,3679.97,12,11.0,120,10.91,2011-08-11
17230,3638.41,4,44.0,264,6.00,2011-03-20
13082,3613.63,7,25.0,126,5.04,2011-08-05
17203,3563.85,3,12.5,35,2.80,2011-11-04
15410,3450.84,8,30.0,84,2.80,2011-09-16
12643,3344.64,5,41.0,128,3.12,2011-08-03
17723,3276.40,6,17.0,127,7.47,2011-08-04
17050,3228.84,6,28.0,96,3.43,2011-09-04
16837,3170.98,9,14.0,31,2.21,2011-11-08
13869,3104.95,4,51.0,123,2.41,2011-08-08
15491,3100.09,5,28.0,95,3.39,2011-09-05
13631,3070.42,7,22.5,99,4.40,2011-09-01
12754,3010.74,3,36.5,235,6.44,2011-04-18
12916,3006.15,4,63.0,138,2.19,2011-07-24
17504,2997.03,6,21.0,206,9.81,2011-05-17
17444,2940.04,3,12.5,147,11.76,2011-07-15
16928,2847.60,17,15.0,80,5.33,2011-09-20
14854,2759.83,7,28.0,78,2.79,2011-09-22
12669,2744.03,3,53.0,150,2.83,2011-07-12
14808,2741.17,6,14.0,39,2.79,2011-10-31
12840,2726.77,4,32.0,143,4.47,2011-07-19
18260,2643.20,6,33.0,172,5.21,2011-06-20
17317,2600.34,3,21.5,46,2.14,2011-10-24
16919,2596.45,11,8.5,156,18.35,2011-07-06
13911,2580.91,9,24.5,57,2.33,2011-10-13
15245,2515.84,3,63.5,134,2.11,2011-07-28
12352,2506.04,7,14.5,36,2.48,2011-11-03
12455,2466.86,6,33.0,73,2.21,2011-09-27
15674,2446.60,5,19.5,73,3.74,2011-09-27
12457,2363.23,7,4.5,66,14.67,2011-10-04
16550,2298.97,5,53.0,108,2.04,2011-08-23
15704,2293.62,3,37.5,140,3.73,2011-07-22
15235,2247.51,10,16.0,217,13.56,2011-05-06
14211,2241.10,9,19.5,53,2.72,2011-10-17
14407,2157.73,6,18.0,107,5.94,2011-08-24
14828,2139.76,3,70.0,196,2.80,2011-05-27
18008,2116.19,8,18.0,70,3.89,2011-09-30
18173,2106.84,4,40.0,86,2.15,2011-09-14
18093,2106.52,4,27.0,93,3.44,2011-09-07
14461,2103.06,3,56.5,148,2.62,2011-07-14
18231,2083.27,5,24.0,192,8.00,2011-05-31
17337,2027.87,4,60.0,151,2.52,2011-07-11
13725,1980.56,8,24.0,49,2.04,2011-10-21
17997,1970.67,8,8.0,74,9.25,2011-09-26
14472,1936.84,8,28.0,103,3.68,2011-08-28
14210,1905.84,6,43.0,105,2.44,2011-08-26
17787,1865.19,4,48.0,152,3.17,2011-07-10
14305,1858.96,3,32.0,71,2.22,2011-09-29
12383,1850.56,5,43.0,184,4.28,2011-06-08
15827,1836.09,11,29.5,73,2.47,2011-09-27
14665,1835.70,4,29.0,60,2.07,2011-10-10
15260,1810.77,6,42.0,100,2.38,2011-08-31
16681,1770.34,6,26.0,72,2.77,2011-09-28
15241,1756.44,8,28.0,66,2.36,2011-10-04
17457,1737.70,5,52.0,126,2.42,2011-08-05
12843,1702.26,8,9.0,65,7.22,2011-10-05
17656,1674.69,5,14.5,73,5.03,2011-09-27
14573,1653.42,8,18.0,179,9.94,2011-06-13
14837,1649.50,4,35.0,89,2.54,2011-09-11
15002,1641.76,4,42.0,115,2.74,2011-08-16
16801,1619.73,4,29.0,163,5.62,2011-06-29
12868,1607.06,6,42.0,185,4.40,2011-06-07
12947,1603.99,6,39.0,143,3.67,2011-07-19
17837,1593.38,8,8.0,42,5.25,2011-10-28
16889,1578.67,3,71.0,194,2.73,2011-05-29
17085,1566.65,5,52.0,123,2.37,2011-08-08
17204,1564.56,3,44.0,175,3.98,2011-06-17
18239,1561.61,5,46.0,218,4.74,2011-05-05
15625,1534.26,4,49.0,103,2.10,2011-08-28
14414,1496.98,7,9.0,91,10.11,2011-09-09
14758,1484.06,4,34.0,144,4.24,2011-07-18
14403,1475.81,4,30.0,130,4.33,2011-08-01
14740,1448.21,3,43.0,197,4.58,2011-05-26
13475,1431.78,4,37.0,191,5.16,2011-06-01
18116,1418.03,8,15.0,67,4.47,2011-10-03
15569,1375.71,4,23.0,103,4.48,2011-08-28
15095,1370.60,3,50.0,103,2.06,2011-08-28
16045,1340.70,4,45.0,119,2.64,2011-08-12
15108,1300.25,4,40.0,141,3.53,2011-07-21
13492,1269.84,3,39.0,136,3.49,2011-07-26
15201,1236.54,4,43.0,87,2.02,2011-09-13
14745,1220.26,4,43.0,112,2.60,2011-08-19
13491,1215.82,10,17.0,51,3.00,2011-10-19
13158,1201.06,4,36.0,94,2.61,2011-09-06
13752,1186.28,6,29.0,124,4.28,2011-08-07
18168,1169.94,6,35.0,176,5.03,2011-06-16
16184,1158.79,6,29.0,64,2.21,2011-10-06
17770,1143.27,4,14.0,198,14.14,2011-05-25
13819,1140.35,3,9.0,301,33.44,2011-02-11
16172,1140.21,4,45.0,95,2.11,2011-09-05
13486,1122.41,3,38.5,78,2.03,2011-09-22
16807,1121.59,3,64.0,142,2.22,2011-07-20
17894,1119.81,8,25.0,71,2.84,2011-09-29
15716,1118.81,4,56.0,145,2.59,2011-07-17
16049,1111.79,3,17.5,40,2.29,2011-10-30
14161,1110.52,3,77.0,215,2.79,2011-05-08
12399,1108.65,4,48.0,119,2.48,2011-08-12
13715,1079.34,4,24.0,281,11.71,2011-03-03
14352,1078.96,3,58.0,157,2.71,2011-07-05
16214,1062.75,3,49.5,170,3.43,2011-06-22
15706,1060.56,4,11.0,63,5.73,2011-10-07
15777,1047.11,3,60.0,241,4.02,2011-04-12
16520,1046.57,3,89.5,186,2.08,2011-06-06
14584,1042.26,4,14.0,169,12.07,2011-06-23
16175,1037.59,4,36.0,94,2.61,2011-09-06
17724,1033.00,3,33.5,71,2.12,2011-09-29
15658,1024.10,5,55.5,190,3.42,2011-06-02
16174,1009.55,3,12.5,126,10.08,2011-08-05
17646,1008.39,3,73.0,219,3.00,2011-05-04
15508,1000.27,4,10.0,189,18.90,2011-06-03
12722,997.63,4,29.0,85,2.93,2011-09-15
16419,972.23,5,38.0,112,2.95,2011-08-19
16027,934.62,6,42.0,91,2.17,2011-09-09
14532,932.85,4,39.0,236,6.05,2011-04-17
14231,925.71,3,52.5,183,3.49,2011-06-09
17848,901.20,9,24.5,81,3.31,2011-09-19
15079,895.61,3,76.5,212,2.77,2011-05-11
14344,889.93,8,19.0,127,6.68,2011-08-04
13037,881.07,3,59.0,138,2.34,2011-07-24
15100,876.00,3,20.0,333,16.65,2011-01-10
16266,861.89,6,24.0,73,3.04,2011-09-27
12693,855.91,4,55.0,127,2.31,2011-08-04
16037,855.02,3,44.5,269,6.04,2011-03-15
14803,845.55,3,65.0,162,2.49,2011-06-30
13220,819.29,4,34.0,78,2.29,2011-09-22
16943,816.73,3,53.5,211,3.94,2011-05-12
13811,814.50,3,28.0,183,6.54,2011-06-09
15644,813.00,3,47.5,166,3.49,2011-06-26
16806,801.49,4,51.0,103,2.02,2011-08-28
16725,781.02,6,12.0,302,25.17,2011-02-10
17268,763.64,4,43.0,107,2.49,2011-08-24
13900,740.95,3,39.5,183,4.63,2011-06-09
16146,734.13,3,37.5,157,4.19,2011-07-05
18062,720.52,3,82.0,173,2.11,2011-06-19
15400,716.20,5,38.5,92,2.39,2011-09-08
15855,712.24,5,28.5,136,4.77,2011-07-26
17472,710.29,3,54.0,191,3.54,2011-06-01
14867,710.28,3,75.5,185,2.45,2011-06-07
15038,705.49,6,28.0,58,2.07,2011-10-12
16997,702.00,3,18.5,288,15.57,2011-02-24
15304,694.40,8,25.0,60,2.40,2011-10-10
17874,683.46,3,35.0,185,5.29,2011-06-07
13925,678.25,3,21.0,92,4.38,2011-09-08
13951,674.45,3,59.0,176,2.98,2011-06-16
14504,673.26,4,19.0,47,2.47,2011-10-23
13963,664.54,4,19.0,308,16.21,2011-02-04
16696,657.90,4,35.0,135,3.86,2011-07-27
17312,644.30,3,10.5,138,13.14,2011-07-24
16306,632.27,6,30.0,213,7.10,2011-05-10
14021,631.90,3,50.5,155,3.07,2011-07-07
17990,630.84,3,62.5,236,3.78,2011-04-17
15768,621.83,3,55.0,115,2.09,2011-08-16
14529,620.04,3,25.0,60,2.40,2011-10-10
17849,605.80,4,42.0,218,5.19,2011-05-05
16654,601.27,4,48.0,141,2.94,2011-07-21
18232,592.97,4,35.0,81,2.31,2011-09-19
14692,591.55,4,64.0,137,2.14,2011-07-25
15624,588.13,4,50.0,116,2.32,2011-08-15
12601,577.06,5,39.5,189,4.78,2011-06-03
14176,576.90,3,35.0,297,8.49,2011-02-15
14592,570.46,3,14.5,35,2.41,2011-11-04
12414,562.41,3,46.5,217,4.67,2011-05-06
17955,557.30,3,10.5,198,18.86,2011-05-25
17062,538.37,4,7.0,313,44.71,2011-01-30
15535,536.40,3,77.0,173,2.25,2011-06-19
13217,533.98,3,17.0,122,7.18,2011-08-09
17429,524.92,3,45.0,128,2.84,2011-08-03
16955,518.67,4,32.0,184,5.75,2011-06-08
17454,517.53,4,60.0,192,3.20,2011-05-31
12811,514.85,3,12.0,260,21.67,2011-03-24
15881,501.39,3,26.0,312,12.00,2011-01-31
14958,499.68,3,49.0,147,3.00,2011-07-15
14450,483.25,3,70.0,180,2.57,2011-06-12
15780,475.28,3,87.0,183,2.10,2011-06-09
12999,455.88,3,24.5,196,8.00,2011-05-27
13489,449.52,4,52.0,105,2.02,2011-08-26
17370,446.18,4,12.0,72,6.00,2011-09-28
16034,437.70,3,68.0,196,2.88,2011-05-27
16816,417.06,4,46.0,103,2.24,2011-08-28
16010,407.50,3,58.5,245,4.19,2011-04-08
14616,406.08,3,37.5,242,6.45,2011-04-11
15938,404.58,5,53.0,112,2.11,2011-08-19
17375,400.10,3,81.0,199,2.46,2011-05-24
13856,388.50,3,17.5,168,9.60,2011-06-24
14779,386.15,3,21.5,280,13.02,2011-03-04
17765,371.88,3,49.0,158,3.22,2011-07-04
16378,362.95,3,31.5,247,7.84,2011-04-06
12845,354.09,4,2.0,267,133.50,2011-03-17
15334,351.67,3,8.5,156,18.35,2011-07-06
12891,331.00,3,53.5,185,3.46,2011-06-07
17615,329.60,3,46.0,130,2.83,2011-08-01
16342,322.41,4,34.0,75,2.21,2011-09-25
15107,319.50,6,12.0,311,25.92,2011-02-01
17912,311.01,4,4.0,310,77.50,2011-02-02
16226,255.12,3,16.0,203,12.69,2011-05-20
15759,253.04,3,70.0,218,3.11,2011-05-05
15462,234.60,3,46.5,94,2.02,2011-09-06
17580,215.72,3,53.0,252,4.75,2011-04-01
16356,211.77,3,40.0,197,4.93,2011-05-26
16866,207.74,3,10.5,140,13.33,2011-07-22
16832,199.15,3,16.5,184,11.15,2011-06-08
16112,195.74,4,12.0,143,11.92,2011-07-19
18037,70.02,6,40.0,154,3.85,2011-07-08
