customer_id,total_spend,purchase_occasions,median_gap_days,days_since_last_order,cadence_ratio
13802,4599.42,3,86.5,138,1.60
14565,3099.12,4,92.0,95,1.03
13851,2651.46,3,96.5,95,0.98
17722,2424.04,4,93.0,96,1.03
15797,2207.40,4,90.0,113,1.26
16456,2158.37,5,73.0,99,1.36
17400,2129.96,5,63.5,126,1.98
13593,2037.08,5,63.0,108,1.71
12853,1957.10,3,90.5,134,1.48
15641,1887.20,4,77.0,105,1.36
15812,1801.14,5,53.5,107,2.00
13564,1749.02,3,112.0,144,1.29
17282,1703.41,3,84.5,130,1.54
13162,1688.29,4,62.0,122,1.97
14045,1659.75,3,132.0,109,0.83
