rank,customer_id,lifetime_spend,pct_of_revenue,orders,country,first_order,last_order
1,14646,278953.22,3.30,73,Netherlands,2010-12-20,2011-12-08
2,18102,259657.30,3.07,60,United Kingdom,2010-12-07,2011-12-09
3,17450,189767.53,2.24,45,United Kingdom,2010-12-07,2011-12-01
4,14911,131839.01,1.56,197,EIRE,2010-12-01,2011-12-08
5,12415,124156.88,1.47,20,Australia,2011-01-06,2011-11-15
6,14156,114395.83,1.35,55,EIRE,2010-12-03,2011-11-30
7,17511,81754.38,0.97,30,United Kingdom,2010-12-01,2011-12-07
8,16684,65920.12,0.78,28,United Kingdom,2010-12-16,2011-12-05
9,14096,65164.79,0.77,17,United Kingdom,2011-08-30,2011-12-05
10,13694,63266.98,0.75,50,United Kingdom,2010-12-01,2011-12-06
