cohort_month,cohort_size,m1,m2,m3,m4,m5,m6,m9,m11
2010-12-01,884,36.5,32.2,38.1,36.0,39.7,36.1,39.4,50.2
2011-01-01,415,21.7,26.7,23.1,32.3,28.7,24.8,32.8,
2011-02-01,381,18.6,18.6,28.1,27.0,24.7,25.2,30.2,
2011-03-01,450,14.7,24.9,19.6,22.4,16.9,26.4,,
2011-04-01,300,21.3,20.3,21.0,19.7,23.0,21.3,,
2011-05-01,283,19.4,17.3,17.3,20.8,23.0,26.5,,
2011-06-01,242,17.4,15.7,26.4,23.1,33.1,,,
2011-07-01,187,18.2,20.9,22.5,27.3,,,,
2011-08-01,169,20.7,24.3,24.3,,,,,
2011-09-01,297,23.6,30.3,,,,,,
2011-10-01,357,24.1,,,,,,,
2011-11-01,322,,,,,,,,
2011-12-01,40,,,,,,,,
