cohort_month,judged_at_30d,repeat_within_30d,judged_at_60d,repeat_within_60d,judged_at_90d,repeat_within_90d
2010-12-01,884,30.2,884,49.0,884,57.8
2011-01-01,415,17.1,415,34.0,415,46.7
2011-02-01,381,13.4,381,29.4,381,42.5
2011-03-01,450,11.8,450,24.4,450,38.0
2011-04-01,300,14.3,300,34.0,300,40.3
2011-05-01,283,12.7,283,26.9,283,33.6
2011-06-01,242,14.0,242,25.6,242,36.8
2011-07-01,187,17.6,187,32.6,187,40.1
2011-08-01,169,12.4,169,28.4,169,43.8
2011-09-01,297,16.8,297,39.1,53,56.6
2011-10-01,357,21.6,124,34.7,0,
2011-11-01,111,25.2,0,,0,
2011-12-01,0,,0,,0,
